category,range,priority,brand,model,variant,role,usage_tags,value_badge,why_1,why_2,drawback,buy_if,amazon_price,flipkart_price,price_checked_at,price_source,amazon_url,flipkart_url,brands_in_range,sources
Phones,Under ₹10k,1,realme,C61,6GB/128GB,Best overall under ₹10k,everyday|battery,"Best value · ₹8,199","6GB RAM and 128GB storage for ₹8,199, more than most phones here offer even at ₹10k.","Rated 4.3★ by about 18k Flipkart buyers, the best rating among big-brand phones under ₹10k.","4G only, HD+ screen, and some buyers report heating or slow-down after months of use.",You need a dependable everyday phone and your budget is around ₹8–9k.,,8199,2026-10-07 11:50–12:00 IST,Flipkart (Amazon: not listed in range),,https://www.flipkart.com/realme-c61-safari-green-128-gb/p/itmd6ddbcefce040?pid=MOBHFRKRAVXUKDGX,"realme, Motorola, Ai+ (newer brand); no 5G phone from a big brand is in stock under ₹10k right now",https://www.flipkart.com/realme-c61-safari-green-128-gb/product-reviews/itmd6ddbcefce040?pid=MOBHFRKRAVXUKDGX&sortOrder=NEGATIVE_FIRST
Phones,Under ₹10k,2,Motorola,g04s,4GB/64GB,Clean software under ₹10k,everyday|clean-software,,"Near-stock Android with no ad-heavy apps, from a brand with wide service coverage.",Rated 4.2★ by 30k+ Flipkart buyers; 5000mAh battery lasts a full day.,"Older Unisoc T606 chip, 64GB storage and only 3 units left at check.",You are buying for parents or want a simple phone without bloatware.,,9999,2026-10-07 11:50–12:00 IST,Flipkart (Amazon: not listed in range),,https://www.flipkart.com/motorola-g04s-satin-blue-64-gb/p/itma899ac4728c8e?pid=MOBHY9PQM9H8HMEN,"realme, Motorola, Ai+ (newer brand); no 5G phone from a big brand is in stock under ₹10k right now",https://www.flipkart.com/motorola-g04s-satin-blue-64-gb/product-reviews/itma899ac4728c8e?pid=MOBHY9PQM9H8HMEN&sortOrder=NEGATIVE_FIRST
Phones,Under ₹10k,3,Ai+,Pulse 2,"4GB/64GB (4GB/128GB ₹9,999)",Biggest battery under ₹10k,battery,,"6000mAh battery and a 50MP camera on Android 16 for ₹8,999.",Rated 4.1★ by 13.5k Flipkart buyers.,"Newer brand with limited service network; about 14% of ratings are 1–2★, mostly about hanging.",Battery life matters most and you accept a lesser-known brand.,,8999,2026-10-07 11:50–12:00 IST,"Flipkart (Amazon listing rated 3.5★, skipped)",,https://www.flipkart.com/ai-pulse-2-black-64-gb/p/itm7feca2e591fba?pid=MOBHKHPYGKYZ3YUN,"realme, Motorola, Ai+ (newer brand); no 5G phone from a big brand is in stock under ₹10k right now",https://www.flipkart.com/ai-pulse-2-black-64-gb/product-reviews/itm7feca2e591fba?pid=MOBHKHPYGKYZ3YUN&sortOrder=NEGATIVE_FIRST
Phones,₹10–15k,1,POCO,M7 Pro 5G,6GB/128GB,Best overall · ₹15k pick,everyday,,"The only full-HD AMOLED 120Hz screen in this range, rated 4.3★ by 38k+ Flipkart buyers.","Dimensity 7025 Ultra handles daily use smoothly, and a 45W charger plus IP64 rating come included.","Basic graphics chip and no ultrawide camera; launched late 2024, so fewer Android upgrades remain.","You want the best screen for videos and everyday use at about ₹15,000.",,14999,2026-10-07 11:40 IST,Flipkart (Amazon: not listed in range),,https://www.flipkart.com/poco-m7-pro-5g-lavender-frost-128-gb/p/itmf76d7942d780f?pid=MOBH7443JBKHRPGW,"POCO, realme, Samsung, Motorola (vivo/iQOO/Redmi current models are priced above this range after the 2026 memory-cost hikes)",https://www.gsmarena.com/poco_m7_pro_5g-review-2866.php | https://www.smartprix.com/bytes/poco-m7-pro-5g-review-pros-and-cons/
Phones,₹10–15k,2,realme,P3x 5G,"6GB/128GB (8GB/128GB ₹13,999)",Best value · ₹13–14k pick,battery|everyday,"Best value · ₹12,999","Full-HD 120Hz screen, Dimensity 6400 and a 6000mAh battery with 45W charging for about ₹13k.","IP69 water and dust rating is rare at this price, and 60k+ buyers rate it 4.3★.",Cameras struggle in low light and the phone ships with many preinstalled apps.,"You want long battery life and a tough phone for ₹13–14k; pick the 8GB variant if you can stretch ₹1,000.",,12999,2026-10-07 11:40 IST,Flipkart (Amazon: not listed in range),,https://www.flipkart.com/realme-p3x-5g-midnight-blue-128-gb/p/itmab5a4b09b6ccc?pid=MOBH8VGV88UADK2Z,"POCO, realme, Samsung, Motorola (vivo/iQOO/Redmi current models are priced above this range after the 2026 memory-cost hikes)",https://www.91mobiles.com/hub/realme-p3x-review/ | https://www.notebookcheck.net/Realme-P3x.994374.0.html
Phones,₹10–15k,3,POCO,M7 5G,"6GB/128GB (8GB/128GB ₹13,499)",Best 5G phone around ₹12k,everyday,,"Snapdragon 4 Gen 2 5G with a large 6.88-inch 120Hz screen at ₹12,499.","Among the most-bought phones in the range, rated 4.1★ by 77k+ buyers.","HD+ resolution screen and average cameras; performance is fine for daily apps, not heavy games.",Your budget is about ₹12k and you want 5G with a big smooth screen.,,12499,2026-10-07 11:40 IST,Flipkart (Amazon: not listed in range),,https://www.flipkart.com/poco-m7-5g-mint-green-128-gb/p/itm55887907a1c02?pid=MOBH9HFJFR4FYHNJ,"POCO, realme, Samsung, Motorola (vivo/iQOO/Redmi current models are priced above this range after the 2026 memory-cost hikes)",https://www.91mobiles.com/best-mobiles-below-15000-in-india | https://www.smartprix.com/mobiles/best-phones-under-20000-list
Phones,₹10–15k,4,Samsung,Galaxy M07 (Galaxy F07 on Flipkart),4GB/64GB,Best for long updates and parents,everyday|clean-software,"Best value · ₹11,999","Samsung promises 6 Android upgrades and security updates until 2031, the longest support at this price.","Samsung's service network is the widest in India, and the Helio G99 chip runs daily apps reliably.","4G only, HD+ 90Hz LCD screen, just 64GB storage and no charger in the box.",You are buying for parents or want a phone that keeps getting updates for years.,11999,11999,2026-10-07 11:40 IST,Amazon (M07) / Flipkart (F07),https://www.amazon.in/dp/B0FN7QTRPY,https://www.flipkart.com/samsung-galaxy-f07-green-64-gb/p/itm294cbb65839e6?pid=MOBHMGHHXHYZEAVB,"POCO, realme, Samsung, Motorola (vivo/iQOO/Redmi current models are priced above this range after the 2026 memory-cost hikes)",https://www.samsung.com/in/smartphones/galaxy-m/galaxy-m07-black-64gb-sm-m075fzkdins/ | https://m.gsmarena.com/samsung_galaxy_f07-14205.php
Phones,₹15–20k,1,Motorola,G86 Power 5G,8GB/128GB,Best overall · ₹18k pick,battery|camera|everyday,,"A 1.5K pOLED 120Hz screen and 50MP Sony OIS main camera, rare at about ₹18k.","6720mAh battery gives 10–12 hours of screen time, with IP68/IP69 water and dust protection.",Only one Android upgrade promised; 33W charging is slow and the 8MP ultrawide is weak.,"You want the best mix of screen, camera and battery under ₹18k and don't need many Android upgrades.",17835,17999,2026-10-07 11:40 IST,Amazon (third-party seller) / Flipkart,https://www.amazon.in/dp/B0FXX8K4Z6,https://www.flipkart.com/motorola-g86-power-5g-pantone-spellbound-128-gb/p/itm88e00feaf98b7?pid=MOBHC7FHKME4AJQC,"Motorola, POCO, realme, CMF (Nothing); OPPO K13, Redmi 15, realme P4x now sell above ₹20k",https://www.smartprix.com/bytes/motorola-g86-power-review-with-pros-and-cons/ | https://www.mymobileindia.com/moto-g86-power-5g-review-perfect-all-rounder-performance/
Phones,₹15–20k,2,POCO,X7 5G,"8GB/128GB (8GB/256GB ₹19,999)",Best display and build · ₹18–20k pick,everyday,,1.5K curved AMOLED screen and IP68/IP69 build make it feel like a pricier phone.,Dimensity 7300 Ultra with a 45W charger in the box; rated 4.3★ by 29k+ buyers.,"Lots of preinstalled apps, weaker low-light photos, and frame drops in the heaviest games.",You watch a lot of video and want a premium-feeling phone; take the 256GB variant at ₹20k.,,17999,2026-10-07 11:40 IST,Flipkart (Amazon: not listed in range),,https://www.flipkart.com/poco-x7-5g-glacier-green-128-gb/p/itm7a1e6391d84ac?pid=MOBH7YZ9QZJTXX4G,"Motorola, POCO, realme, CMF (Nothing); OPPO K13, Redmi 15, realme P4x now sell above ₹20k",https://www.91mobiles.com/hub/poco-x7-review/ | https://www.gsmarena.com/poco_x7-review-2783p4.php
Phones,₹15–20k,3,realme,P3 5G,8GB/128GB,Best for gaming · ₹16–17k pick,gaming|battery,"Best value · ₹16,999","Snapdragon 6 Gen 4 is the strongest gaming chip among these picks, paired with a 120Hz AMOLED screen.","6000mAh battery, 45W charger in box and IP69 rating; rated 4.4★ by 20k+ buyers.",No OIS on the main camera and around 69 preinstalled apps to clean up.,Gaming matters most and you want to spend about ₹17k.,,16999,2026-10-07 11:40 IST,Flipkart (Amazon: not listed in range),,https://www.flipkart.com/realme-p3-5g-comet-grey-128-gb/p/itm69060f73d27e8?pid=MOBHAYN57PEGJ98C,"Motorola, POCO, realme, CMF (Nothing); OPPO K13, Redmi 15, realme P4x now sell above ₹20k",https://www.91mobiles.com/hub/realme-p3-review/ | https://www.smartprix.com/bytes/realme-p3-5g-review-pros-and-cons/
Phones,₹15–20k,4,CMF (Nothing),Phone 2 Pro,8GB/128GB,Best camera and clean software · ₹19k pick,camera|clean-software,,"A dedicated telephoto lens for 2x zoom is rare under ₹20k, and photos are natural-looking.",Clean Nothing OS with 3 Android upgrades and 6 years of security patches; rated 4.4★ by 76k+ buyers.,"No charger in the box, a modest 5000mAh battery, and stock is very low (3 units left at check).","You care about photos with zoom and a clean, ad-free phone.",,18999,2026-10-07 11:40 IST,Flipkart (Amazon: not listed in range),,https://www.flipkart.com/cmf-nothing-phone-2-pro-light-green-128-gb/p/itm46a119f176627?pid=MOBHAUHADASAEX2G,"Motorola, POCO, realme, CMF (Nothing); OPPO K13, Redmi 15, realme P4x now sell above ₹20k",https://www.mysmartprice.com/gear/mobiles/mobiles-features/best-phones-under-rs-20000/ | https://www.smartprix.com/mobiles/best-phones-under-20000-list
Phones,₹20–30k,1,Motorola,Edge 70 Fusion,8GB/128GB,Best overall · ₹29.5k pick,camera|battery|everyday,,"1.5K 144Hz AMOLED, Snapdragon 7s Gen 4 and a 50MP Sony OIS camera at ₹29,499.","7000mAh battery with 68W charging; Amazon buyers rate battery and value highly (4.2★, 1K+ bought last month).","Buyers are mixed on camera and performance; Flipkart has it at ₹30,999 and listed as coming soon.",You want the best all-rounder you can get just under ₹30k.,29499,30999,2026-10-07 11:50–12:00 IST,Amazon / Flipkart,https://www.amazon.in/dp/B0GRMVNTDN,https://www.flipkart.com/motorola-edge-70-fusion-snapdragon-pantone-silhouette-128-gb/p/itm2beea336a1e2f?pid=MOBHN973CQSNTNGF,"Motorola, OPPO, Samsung; Redmi/realme/vivo/iQOO models here are mostly entry-level chips at inflated prices",https://www.amazon.in/product-reviews/B0GRMVNTDN
Phones,₹20–30k,2,OPPO,K13 5G,8GB/128GB,Best value · ₹23k pick,battery|gaming,"Best value · ₹22,999","Snapdragon 6 Gen 4, 120Hz AMOLED and a 7000mAh battery with 80W charger in the box.","Rated 4.4★ by 76k+ Flipkart buyers, the most-proven phone in this range.",Some buyers report heating and battery drain after updates.,You want big battery and smooth performance without spending ₹30k.,,22999,2026-10-07 11:50–12:00 IST,Flipkart,,https://www.flipkart.com/oppo-k13-5g-7000mah-80w-supervooc-charger-in-the-box-icy-purple-128-gb/p/itm6f2ebf6d205cf?pid=MOBHB392H7TZ4ZKJ,"Motorola, OPPO, Samsung; Redmi/realme/vivo/iQOO models here are mostly entry-level chips at inflated prices",https://www.flipkart.com/oppo-k13-5g-7000mah-80w-supervooc-charger-in-the-box-icy-purple-128-gb/product-reviews/itm6f2ebf6d205cf?pid=MOBHB392H7TZ4ZKJ&sortOrder=NEGATIVE_FIRST
Phones,₹20–30k,3,Samsung,Galaxy A36 5G,8GB/128GB,Best for long updates · ₹27k pick,everyday|clean-software,,Samsung's long update support plus Snapdragon 6 Gen 3 and a Super AMOLED screen.,"Rated 4.4★ by 6k+ Flipkart buyers, with Samsung's wide service network.","Some buyers report fast battery drain and warm-ups; one buyer got a pre-activated unit, so check IMEI date.",You want a phone that stays updated for years and easy service anywhere.,26989,26999,2026-10-07 11:50–12:00 IST,Amazon / Flipkart,https://www.amazon.in/dp/B0HJ1YVT1V,https://www.flipkart.com/samsung-galaxy-a36-5g-dark-blue-128-gb/p/itmfbcf889169338?pid=MOBHNJ8FRCKPXUAS,"Motorola, OPPO, Samsung; Redmi/realme/vivo/iQOO models here are mostly entry-level chips at inflated prices",https://www.flipkart.com/samsung-galaxy-a36-5g-dark-blue-128-gb/product-reviews/itmfbcf889169338?pid=MOBHNJ8FRCKPXUAS&sortOrder=NEGATIVE_FIRST
Phones,₹20–30k,4,Motorola,G57 Power 5G,8GB/128GB,Best battery · ₹21k pick,battery|everyday,"Best value · ₹20,999","7000mAh battery, Snapdragon 6s Gen 4 and a 50MP Sony LYT-600 camera at ₹20,999.","Amazon's best seller here: 5K+ bought last month, 4.2★ from 1.2K ratings.","LCD screen, no memory card slot, and buyers are mixed on heat and heavy-use performance.",Your budget is just over ₹20k and battery life comes first.,20999,,2026-10-07 11:50–12:00 IST,Amazon (Flipkart: not in stock),https://www.amazon.in/dp/B0G3TFPN94,,"Motorola, OPPO, Samsung; Redmi/realme/vivo/iQOO models here are mostly entry-level chips at inflated prices",https://www.amazon.in/product-reviews/B0G3TFPN94
Phones,₹30–50k,1,Samsung,Galaxy S24 (Snapdragon),8GB/128GB,Best overall · flagship at ₹50k,camera|everyday|clean-software,,"A real flagship (Snapdragon 8 Gen 3, flagship cameras) at ₹49,999 on Flipkart.","Rated 4.6★ by 57k+ Flipkart buyers, with Samsung's long update support.","Small 4000mAh battery; some buyers report heating. Amazon sells it at ₹59,999, so buy on Flipkart.",You want a compact flagship camera phone and can spend ₹50k.,,49999,2026-10-07 11:50–12:00 IST,"Flipkart (Amazon ₹59,999 — skip)",,https://www.flipkart.com/samsung-galaxy-s24-5g-snapdragon-onyx-black-128-gb/p/itm3469a7107606f?pid=MOBHDVFKSSHPUYHB,"Samsung, OnePlus, realme, Motorola, iQOO",https://www.flipkart.com/samsung-galaxy-s24-5g-snapdragon-onyx-black-128-gb/product-reviews/itm3469a7107606f?pid=MOBHDVFKSSHPUYHB&sortOrder=NEGATIVE_FIRST
Phones,₹30–50k,2,OnePlus,Nord 6,8GB/256GB,Best for gaming and battery · ₹47k pick,gaming|battery,,Snapdragon 8s Gen 4 with 165FPS gaming and a huge 9000mAh battery.,Rated 4.4★ by 2.4K Amazon buyers; full IP66/68/69 water protection.,Buyers are mixed on camera quality.,You game a lot and want two-day battery.,46999,,2026-10-07 11:50–12:00 IST,Amazon,https://www.amazon.in/dp/B0GRB3FBBB,,"Samsung, OnePlus, realme, Motorola, iQOO",https://www.amazon.in/product-reviews/B0GRB3FBBB
Phones,₹30–50k,3,Samsung,Galaxy A56 5G,8GB/128GB,Best value · ₹37k pick,camera|clean-software|everyday,"Best value · ₹36,999","Triple camera, Super AMOLED and Samsung's 6 years of OS updates for ₹36,999.",Rated 4.4★ on Amazon with only 5% 1★ ratings.,Buyers are mixed on battery life and warm-ups during heavy use.,"You want a safe, long-lasting Samsung around ₹35–37k.",36999,,2026-10-07 11:50–12:00 IST,Amazon,https://www.amazon.in/dp/B0H1X5XP25,,"Samsung, OnePlus, realme, Motorola, iQOO",https://www.amazon.in/product-reviews/B0H1X5XP25
Phones,₹30–50k,4,realme,P4 Pro 5G,8GB/256GB,Best value · ₹31k pick,gaming|battery,"Best value · ₹30,999","Snapdragon 7 Gen 4, 7000mAh battery and 256GB storage for ₹30,999.",Rated 4.4★ by 22.9k Flipkart buyers.,A top-voted review reports a green line on the display; others mention heating and battery drain after an update.,Your budget is about ₹30k and you want the most power for it.,,30999,2026-10-07 11:50–12:00 IST,Flipkart,,https://www.flipkart.com/realme-p4-pro-5g-midnight-ivy-256-gb/p/itme41a54752cc21?pid=MOBHERXK3YKZUWWZ,"Samsung, OnePlus, realme, Motorola, iQOO",https://www.flipkart.com/realme-p4-pro-5g-midnight-ivy-256-gb/product-reviews/itme41a54752cc21?pid=MOBHERXK3YKZUWWZ&sortOrder=NEGATIVE_FIRST
Phones,Above ₹50k,1,OnePlus,15R,12GB/256GB,Best value flagship · ₹60k pick,gaming|battery|everyday,"Best value · ₹59,999","Snapdragon 8 Gen 5, 165Hz display and a 7400mAh battery for ₹59,999.",Rated 4.5★ by 1.8K Amazon buyers with only 3% 1★ ratings.,Buyers are mixed on camera quality and some report heat under load.,You want flagship speed and battery without paying ₹80k+.,59999,,2026-10-07 11:50–12:00 IST,Amazon,https://www.amazon.in/dp/B0FZSWZZW2,,"OnePlus, Google, Apple, Samsung",https://www.amazon.in/product-reviews/B0FZSWZZW2
Phones,Above ₹50k,2,Google,Pixel 10a,8GB/256GB,Best camera and clean software · ₹52k pick,camera|clean-software,"Best value · ₹51,641","Pixel camera processing and clean Android with long update support at ₹51,641.",Rated 4.4★ on Amazon with 500+ bought last month.,Buyers are mixed on battery life.,Photos and clean software matter more than raw speed.,51641,,2026-10-07 11:50–12:00 IST,Amazon,https://www.amazon.in/dp/B0GP88QJL8,,"OnePlus, Google, Apple, Samsung",https://www.amazon.in/product-reviews/B0GP88QJL8
Phones,Above ₹50k,3,Apple,iPhone 17,256GB,Best iPhone value · ₹85k pick,camera|everyday,,"Current iPhone with A19 chip and dual 48MP cameras at ₹84,999 on Flipkart.",Rated 4.6★ by 28.7k Flipkart buyers.,"₹84,999 is a Big Billion Days price shown as coming soon; MRP is ₹99,900.",You want an iPhone and long-term resale value.,,84999,2026-10-07 11:50–12:00 IST,Flipkart (sale price),,https://www.flipkart.com/apple-iphone-17-black-256-gb/p/itmc61b40459dd98?pid=MOBHQV9YCUG4ZQZK,"OnePlus, Google, Apple, Samsung",
Phones,Above ₹50k,4,OnePlus,15,12GB/256GB,Fastest Android · ₹86k pick,gaming|battery|camera,,"Snapdragon 8 Elite Gen 5, triple 50MP cameras and a 7300mAh battery.",Rated 4.6★ on Amazon from 834 ratings.,Costs ₹26k more than the 15R for a better camera and chip.,You want top performance and a strong camera in one Android phone.,85999,,2026-10-07 11:50–12:00 IST,Amazon,https://www.amazon.in/dp/B0FTR5NGHJ,,"OnePlus, Google, Apple, Samsung",https://www.amazon.in/product-reviews/B0FTR5NGHJ
Phones,Above ₹50k,5,Samsung,Galaxy S25 Ultra,12GB/256GB,Best no-compromise Android · ₹1L pick,camera|everyday,,"200MP camera with zoom, S Pen and QHD+ display at ₹99,999 (MRP ₹1,29,999).",Rated 4.5★ by 2.8K Amazon buyers.,"Buyers are mixed on battery life; the newer S26 Ultra costs about ₹1,24,898.",You want the most complete Android phone and budget isn't a concern.,99999,,2026-10-07 11:50–12:00 IST,Amazon,https://www.amazon.in/dp/B0DSKNQW8F,,"OnePlus, Google, Apple, Samsung",https://www.amazon.in/product-reviews/B0DSKNQW8F
Phones,Above ₹50k,6,Apple,iPhone 17 Pro,256GB,Best iPhone camera · no-limit pick,camera,,"Triple 48MP Pro cameras and A19 Pro chip; ₹1,28,490 on Amazon vs ₹1,34,900 on Flipkart.",Rated 4.5★ on Amazon.,"The newer iPhone 18 Pro is ₹1,64,900; the 17 Pro saves ₹36k for a small step down.",You want the best iPhone camera and are ready to spend over ₹1.2L.,128490,134900,2026-10-07 11:50–12:00 IST,Amazon / Flipkart,https://www.amazon.in/dp/B0FQG1LPVF,https://www.flipkart.com/apple-iphone-17-pro-deep-blue-256-gb/p/itm239d0b996d7f0?pid=MOBHFN6YV7GYZHSM,"OnePlus, Google, Apple, Samsung",https://www.amazon.in/product-reviews/B0FQG1LPVF
